{
	"map": [{
			"city": "Kolkata",
			"LATITUDE": "22.5726",
			"LONGITUDE": "88.3639",
			"symptoms": [{
				"sympton": "Corona"
			}]
		},
		{
			"city": "Burdwan",
			"LATITUDE": "23.2324",
			"LONGITUDE": "87.8615",
			"symptoms": [{
				"sympton": "Corona"
			}]
		},
		{
			"city": "Mumbai",
			"LATITUDE": "19.0760",
			"LONGITUDE": "72.8777",
			"symptoms": [{
				"sympton": "Corona"
			}]
		},
		{
			"city": "Delhi",
			"LATITUDE": "28.7041",
			"LONGITUDE": "77.1025",
			"symptoms": [{
				"sympton": "Corona"
			}]
		}
	]
}