{
	"map": [{
	"city": "Maharashtra",
	"occurance": 82968,
	"symptoms": [{
		"symptoms": "Covid19"
	}],
	"latitude": "19.7515",
	"longitude": "75.7139"
}, {
	"city": "Tamil Nadu",
	"occurance": 33229,
	"symptoms": [{
		"symptoms": "Covid19"
	}],
	"latitude": "11.1271",
	"longitude": "78.6569"
}, {
	"city": "Delhi",
	"occurance": 27654,
	"symptoms": [{
		"symptoms": "Covid19"
	}],
	"latitude": "28.7041",
	"longitude": "77.1025"
}, {
	"city": "Gujarat",
	"occurance": 19592,
	"symptoms": [{
		"symptoms": "Covid19"
	}],
	"latitude": "22.2587",
	"longitude": "71.1924"
}, {
	"city": "Rajasthan",
	"occurance": 10331,
	"symptoms": [{
		"symptoms": "Covid19"
	}],
	"latitude": "27.0238",
	"longitude": "74.2179"
}, {
	"city": "Uttar Pradesh",
	"occurance": 9733,
	"symptoms": [{
		"symptoms": "Covid19"
	}],
	"latitude": "26.8467",
	"longitude": "80.9462"
}, {
	"city": "Madhya Pradesh",
	"occurance": 9228,
	"symptoms": [{
		"symptoms": "Covid19"
	}],
	"latitude": "22.9734",
	"longitude": "78.6569"
}, {
	"city": "West Bengal",
	"occurance": 7738,
	"symptoms": [{
		"symptoms": "Covid19"
	}],
	"latitude": "22.9868",
	"longitude": "87.8550"
}, {
	"city": "Karnataka",
	"occurance": 5213,
	"symptoms": [{
		"symptoms": "Covid19"
	}],
	"latitude": "15.3173",
	"longitude": "75.7139"
}, {
	"city": "Bihar",
	"occurance": 4915,
	"symptoms": [{
		"symptoms": "Covid19"
	}],
	"latitude": "25.0961",
	"longitude": "85.3131"
}, {
	"city": "Andhra Pradesh",
	"occurance": 4510,
	"symptoms": [{
		"symptoms": "Covid19"
	}],
	"latitude": "15.9129",
	"longitude": "79.7400"
}, {
	"city": "Haryana",
	"occurance": 3952,
	"symptoms": [{
		"symptoms": "Covid19"
	}],
	"latitude": "29.0588",
	"longitude": "76.0856"
}, {
	"city": "Telangana",
	"occurance": 3496,
	"symptoms": [{
		"symptoms": "Covid19"
	}],
	"latitude": "18.1124",
	"longitude": "79.0193"
}, {
	"city": "Jammu and Kashmir",
	"occurance": 3467,
	"symptoms": [{
		"symptoms": "Covid19"
	}],
	"latitude": "33.7782",
	"longitude": "76.5762"
},{
	"city": "Odisha",
	"occurance": 2781,
	"symptoms": [{
		"symptoms": "Covid19"
	}],
	"latitude": "20.9517",
	"longitude": "85.0985"
},{
	"city": "Kerala",
	"occurance": 1807,
	"symptoms": [{
		"symptoms": "Covid19"
	}],
	"latitude": "10.8505",
	"longitude": "76.2711"
}]
}